Step,Loss,LearningRate,Epoch,StepDuration_Seconds
10,8.5388,1.00e-06,1,1.1363
20,8.4082,2.00e-06,1,1.1855
30,8.4910,3.00e-06,1,1.0201
40,8.5875,4.00e-06,1,1.1181
50,8.2894,5.00e-06,2,1.0575
60,8.2552,6.00e-06,2,1.0656
70,8.4932,7.00e-06,2,1.0604
80,8.3378,8.00e-06,2,1.0468
90,8.1189,9.00e-06,2,1.0924
100,8.2376,1.00e-05,3,1.0485
110,8.0538,1.00e-05,3,1.1035
120,8.0209,1.00e-05,3,1.0875
130,8.0948,1.00e-05,3,1.0781
140,7.7395,1.00e-05,3,1.0446
150,7.7360,1.00e-05,4,1.0612
160,7.8789,1.00e-05,4,1.1278
170,7.7801,1.00e-05,4,1.1150
180,7.9482,9.99e-06,4,1.0411
190,7.7341,9.99e-06,4,1.0950
200,7.6280,9.99e-06,5,1.1276
210,8.0295,9.99e-06,5,1.0065
220,7.7458,9.99e-06,5,1.1172
230,7.7601,9.98e-06,5,1.0569
240,7.5068,9.98e-06,5,1.1185
250,7.6097,9.98e-06,6,1.0518
260,7.6790,9.98e-06,6,0.9998
270,7.4610,9.97e-06,6,1.0086
280,7.6615,9.97e-06,6,1.0924
290,7.4868,9.97e-06,6,1.1030
300,7.5051,9.96e-06,7,1.0448
310,7.4308,9.96e-06,7,1.1219
320,7.7713,9.96e-06,7,1.0069
330,7.4641,9.95e-06,7,1.0867
340,7.2804,9.95e-06,7,1.0294
350,7.5356,9.94e-06,8,1.0574
360,7.2024,9.94e-06,8,1.0924
370,7.3904,9.93e-06,8,1.0470
380,7.0389,9.93e-06,8,1.0708
390,7.1076,9.92e-06,8,1.1403
400,7.3106,9.92e-06,9,1.0612
410,7.3663,9.91e-06,9,1.1318
420,7.2559,9.91e-06,9,1.0335
430,7.1877,9.90e-06,9,1.1165
440,7.1349,9.89e-06,9,1.1621
450,6.9336,9.89e-06,10,0.9664
460,7.0228,9.88e-06,10,1.0502
470,7.0374,9.87e-06,10,1.1189
480,7.2409,9.87e-06,10,1.0798
490,7.1100,9.86e-06,10,1.1086
500,6.7703,9.85e-06,11,1.0598
510,7.0598,9.85e-06,11,1.0943
520,6.9301,9.84e-06,11,1.0822
530,6.8632,9.83e-06,11,1.1484
540,7.0336,9.82e-06,11,1.1027
550,7.0737,9.81e-06,12,1.1069
560,7.0362,9.81e-06,12,1.0694
570,6.7482,9.80e-06,12,1.0656
580,6.8055,9.79e-06,12,1.0684
590,6.8796,9.78e-06,12,1.1097
600,6.9544,9.77e-06,13,1.0690
610,6.7146,9.76e-06,13,1.1045
620,6.7371,9.75e-06,13,1.1938
630,6.5777,9.74e-06,13,1.1336
640,6.5431,9.73e-06,13,1.0737
650,6.8235,9.72e-06,14,1.1501
660,6.8843,9.71e-06,14,1.0696
670,6.6495,9.70e-06,14,0.9881
680,6.7904,9.69e-06,14,1.0396
690,6.6739,9.68e-06,14,0.9965
700,6.5028,9.67e-06,15,1.0724
710,6.6338,9.66e-06,15,1.0909
720,6.7906,9.65e-06,15,1.1738
730,6.5349,9.64e-06,15,1.1063
740,6.7556,9.63e-06,15,1.0790
750,6.1087,9.61e-06,16,1.1315
760,6.6058,9.60e-06,16,0.9794
770,6.4766,9.59e-06,16,1.1018
780,6.3999,9.58e-06,16,1.1285
790,6.4399,9.57e-06,16,1.0161
800,6.1096,9.55e-06,17,1.1472
810,6.3564,9.54e-06,17,1.1069
820,6.4248,9.53e-06,17,1.0692
830,6.5749,9.52e-06,17,1.1216
840,6.2576,9.50e-06,17,1.2035
850,6.1963,9.49e-06,18,1.0991
860,6.2248,9.48e-06,18,1.1024
870,6.4199,9.46e-06,18,1.0670
880,6.3146,9.45e-06,18,1.0475
890,6.1687,9.44e-06,18,1.1315
900,6.3082,9.42e-06,19,1.0472
910,6.2289,9.41e-06,19,1.0936
920,6.3429,9.39e-06,19,1.0661
930,6.0757,9.38e-06,19,1.1139
940,6.1154,9.36e-06,19,1.1067
950,6.0895,9.35e-06,20,1.1419
960,5.9126,9.33e-06,20,1.0645
970,6.1605,9.32e-06,20,1.0765
980,6.1393,9.30e-06,20,1.0411
990,6.0852,9.29e-06,20,1.0678
1000,6.0336,9.27e-06,21,1.1089
1010,5.8410,9.26e-06,21,1.1278
1020,5.9748,9.24e-06,21,1.0439
1030,5.9712,9.22e-06,21,1.1335
1040,5.8872,9.21e-06,21,1.1578
1050,5.9683,9.19e-06,22,1.1107
1060,6.0382,9.17e-06,22,1.1838
1070,6.2458,9.16e-06,22,1.0513
1080,5.9744,9.14e-06,22,1.0278
1090,5.9724,9.12e-06,22,1.0011
1100,5.9082,9.11e-06,23,1.1648
1110,5.6173,9.09e-06,23,1.1227
1120,5.8870,9.07e-06,23,1.0872
1130,5.8859,9.05e-06,23,1.1040
1140,6.2325,9.04e-06,23,1.0337
1150,5.8203,9.02e-06,24,1.2123
1160,5.8807,9.00e-06,24,1.0965
1170,5.8167,8.98e-06,24,1.0955
1180,5.6332,8.96e-06,24,1.1263
1190,5.9665,8.95e-06,24,1.1141
1200,5.8947,8.93e-06,25,1.1012
1210,5.8874,8.91e-06,25,1.0505
1220,5.6193,8.89e-06,25,1.1136
1230,5.9532,8.87e-06,25,1.1841
1240,5.5197,8.85e-06,25,1.1573
1250,5.8054,8.83e-06,26,1.1697
1260,6.0333,8.81e-06,26,1.0644
1270,5.5437,8.79e-06,26,1.0405
1280,5.5949,8.77e-06,26,1.0837
1290,5.6825,8.75e-06,26,1.0928
1300,5.5799,8.73e-06,27,1.1447
1310,5.4107,8.71e-06,27,1.0054
1320,5.6416,8.69e-06,27,1.1665
1330,5.4601,8.67e-06,27,1.0821
1340,5.6787,8.65e-06,27,1.0687
1350,5.4581,8.63e-06,28,1.0394
1360,5.8169,8.61e-06,28,1.0073
1370,5.4554,8.59e-06,28,1.1312
1380,5.5132,8.57e-06,28,1.0937
1390,5.6723,8.55e-06,28,1.0255
1400,5.3544,8.53e-06,29,1.0252
1410,5.5620,8.50e-06,29,1.0732
1420,5.7130,8.48e-06,29,1.1735
1430,5.2649,8.46e-06,29,1.0770
1440,5.5228,8.44e-06,29,1.0148
1450,5.5234,8.42e-06,30,1.0777
1460,5.5910,8.39e-06,30,1.0764
1470,5.2776,8.37e-06,30,0.9552
1480,5.2546,8.35e-06,30,1.0873
1490,5.5206,8.33e-06,30,1.0785
1500,5.4765,8.31e-06,31,1.1248
1510,5.4593,8.28e-06,31,1.1824
1520,5.4636,8.26e-06,31,1.1463
1530,5.2995,8.24e-06,31,1.0766
1540,5.4264,8.21e-06,31,1.0347
1550,5.4257,8.19e-06,32,1.2187
1560,5.2647,8.17e-06,32,1.0930
1570,5.6420,8.15e-06,32,1.0907
1580,5.4236,8.12e-06,32,1.0888
1590,5.1643,8.10e-06,32,1.0999
1600,5.4320,8.07e-06,33,1.0828
1610,5.1779,8.05e-06,33,1.0613
1620,5.4328,8.03e-06,33,1.0627
1630,5.4793,8.00e-06,33,1.0884
1640,5.1732,7.98e-06,33,1.0628
1650,5.4317,7.95e-06,34,1.0544
1660,5.3401,7.93e-06,34,1.0953
1670,5.3925,7.91e-06,34,1.0773
1680,5.5449,7.88e-06,34,1.1652
1690,5.2148,7.86e-06,34,0.9575
1700,5.1298,7.83e-06,35,1.1446
1710,5.1008,7.81e-06,35,1.1523
1720,5.1032,7.78e-06,35,0.9863
1730,5.2055,7.76e-06,35,1.0729
1740,5.2598,7.73e-06,35,1.0714
1750,5.2418,7.71e-06,36,1.0196
1760,5.3161,7.68e-06,36,1.0511
1770,5.1857,7.66e-06,36,1.0345
1780,5.3936,7.63e-06,36,1.1776
1790,5.1278,7.61e-06,36,1.1368
1800,5.5675,7.58e-06,37,1.1536
1810,5.2453,7.56e-06,37,1.1261
1820,5.0150,7.53e-06,37,1.0335
1830,4.9751,7.50e-06,37,1.0638
1840,5.2004,7.48e-06,37,1.1145
1850,5.0868,7.45e-06,38,1.0289
1860,5.2198,7.43e-06,38,1.1256
1870,5.1761,7.40e-06,38,1.0780
1880,5.0867,7.37e-06,38,1.0713
1890,4.9631,7.35e-06,38,1.1255
1900,4.8555,7.32e-06,39,1.1122
1910,5.0084,7.30e-06,39,1.0720
1920,5.1966,7.27e-06,39,1.1480
1930,5.0931,7.24e-06,39,1.0359
1940,4.8669,7.22e-06,39,1.1208
1950,5.0727,7.19e-06,40,1.1197
1960,5.0975,7.16e-06,40,1.0745
1970,4.9001,7.14e-06,40,1.1063
1980,5.0489,7.11e-06,40,1.0274
1990,5.0277,7.08e-06,40,1.1362
2000,4.8407,7.05e-06,41,1.0808
2010,5.0591,7.03e-06,41,1.0639
2020,5.0829,7.00e-06,41,1.1425
2030,5.1546,6.97e-06,41,1.0548
2040,5.1436,6.95e-06,41,1.0196
2050,4.7724,6.92e-06,42,1.0122
2060,4.8319,6.89e-06,42,1.1203
2070,5.0434,6.86e-06,42,1.0260
2080,5.0369,6.84e-06,42,1.1777
2090,5.0307,6.81e-06,42,0.9859
2100,5.5251,6.78e-06,43,1.1748
2110,5.0267,6.75e-06,43,1.1006
2120,5.1052,6.72e-06,43,1.0852
2130,5.0719,6.70e-06,43,1.0628
2140,5.0204,6.67e-06,43,1.1100
2150,4.8694,6.64e-06,44,1.0881
2160,5.0246,6.61e-06,44,1.1452
2170,4.7890,6.59e-06,44,1.0957
2180,4.8635,6.56e-06,44,1.0975
2190,4.8204,6.53e-06,44,1.0718
2200,4.8998,6.50e-06,45,1.0872
2210,5.2290,6.47e-06,45,1.1054
2220,4.5960,6.45e-06,45,1.0045
2230,4.9734,6.42e-06,45,1.0226
2240,4.6230,6.39e-06,45,1.1272
2250,4.7886,6.36e-06,46,1.0985
2260,5.0173,6.33e-06,46,1.0808
2270,4.8582,6.30e-06,46,1.0909
2280,4.6815,6.28e-06,46,1.1074
2290,4.7305,6.25e-06,46,1.0630
2300,4.9345,6.22e-06,47,1.0511
2310,4.7177,6.19e-06,47,1.0998
2320,4.8545,6.16e-06,47,1.0411
2330,4.8237,6.13e-06,47,1.1104
2340,4.7140,6.10e-06,47,1.0049
2350,5.1283,6.08e-06,48,1.1415
2360,4.8968,6.05e-06,48,1.1136
2370,4.4929,6.02e-06,48,1.1028
2380,4.8197,5.99e-06,48,1.1391
2390,4.6875,5.96e-06,48,1.1733
2400,4.9098,5.93e-06,49,1.1407
2410,4.6582,5.90e-06,49,0.9980
2420,4.7551,5.87e-06,49,1.0260
2430,4.8433,5.85e-06,49,1.0588
2440,4.8927,5.82e-06,49,1.0913
2450,4.5781,5.79e-06,50,1.1159
2460,4.7034,5.76e-06,50,1.0537
2470,4.6777,5.73e-06,50,1.0993
2480,4.6464,5.70e-06,50,1.0522
2490,5.0047,5.67e-06,50,1.0594
2500,4.7962,5.64e-06,51,1.0197
2510,4.5418,5.62e-06,51,1.0438
2520,4.8642,5.59e-06,51,1.0224
2530,5.0405,5.56e-06,51,1.0412
2540,4.8727,5.53e-06,51,1.1427
2550,4.4857,5.50e-06,52,1.0425
2560,4.6367,5.47e-06,52,1.2216
2570,4.8951,5.44e-06,52,1.1147
2580,4.5947,5.41e-06,52,1.0992
2590,4.7633,5.38e-06,52,1.0471
2600,4.8088,5.36e-06,53,1.1250
2610,4.5495,5.33e-06,53,1.0612
2620,4.6755,5.30e-06,53,1.0961
2630,4.1943,5.27e-06,53,1.2180
2640,4.5228,5.24e-06,53,1.0852
2650,4.6346,5.21e-06,54,1.1475
2660,4.4814,5.18e-06,54,1.0548
2670,4.9096,5.15e-06,54,1.0883
2680,4.4463,5.13e-06,54,1.1785
2690,4.5910,5.10e-06,54,1.0587
2700,4.6728,5.07e-06,55,1.1806
2710,4.8656,5.04e-06,55,1.1254
2720,4.4303,5.01e-06,55,1.0619
2730,4.8165,4.98e-06,55,1.1216
2740,4.6399,4.95e-06,55,1.1386
2750,4.4875,4.92e-06,56,1.1211
2760,4.7004,4.90e-06,56,1.0115
2770,4.6574,4.87e-06,56,1.0536
2780,4.5340,4.84e-06,56,1.0776
2790,4.6309,4.81e-06,56,1.0863
2800,4.5592,4.78e-06,57,1.1210
2810,4.6305,4.75e-06,57,1.0989
2820,4.7094,4.72e-06,57,1.0232
2830,4.8446,4.70e-06,57,1.1090
2840,4.4176,4.67e-06,57,1.1205
2850,4.9199,4.64e-06,58,1.1180
2860,4.3038,4.61e-06,58,1.1440
2870,4.5706,4.58e-06,58,1.1317
2880,4.6783,4.55e-06,58,1.1130
2890,4.6290,4.53e-06,58,1.0865
2900,4.4902,4.50e-06,59,1.0070
2910,4.5492,4.47e-06,59,1.1115
2920,4.5033,4.44e-06,59,1.1004
2930,4.4858,4.41e-06,59,1.1036
2940,4.6985,4.39e-06,59,1.0262
2950,4.6215,4.36e-06,60,1.0359
2960,4.4610,4.33e-06,60,1.1427
2970,4.6968,4.30e-06,60,1.0880
2980,4.6050,4.28e-06,60,1.1241
2990,4.6778,4.25e-06,60,1.0914
3000,4.6474,4.22e-06,61,1.0915
3010,4.4257,4.19e-06,61,1.1369
3020,4.4631,4.16e-06,61,1.0642
3030,4.6563,4.14e-06,61,1.0948
3040,4.6329,4.11e-06,61,1.0669
3050,4.5354,4.08e-06,62,1.0683
3060,4.5534,4.05e-06,62,1.0745
3070,4.7246,4.03e-06,62,1.1011
3080,4.4415,4.00e-06,62,1.0661
3090,4.6095,3.97e-06,62,1.1528
3100,4.4944,3.95e-06,63,1.0453
3110,4.4894,3.92e-06,63,1.0807
3120,4.6842,3.89e-06,63,1.0680
3130,4.6405,3.86e-06,63,1.1623
3140,4.6361,3.84e-06,63,1.0998
3150,4.7073,3.81e-06,64,1.1416
3160,4.5121,3.78e-06,64,1.0157
3170,4.6086,3.76e-06,64,1.1034
3180,4.4573,3.73e-06,64,1.1345
3190,4.5499,3.70e-06,64,1.0941
3200,4.4793,3.68e-06,65,1.1433
3210,4.5108,3.65e-06,65,1.0641
3220,4.5831,3.63e-06,65,1.1605
3230,4.3687,3.60e-06,65,1.2049
3240,4.8028,3.57e-06,65,1.0719
3250,4.3357,3.55e-06,66,1.0677
3260,4.3021,3.52e-06,66,1.1627
3270,4.6556,3.50e-06,66,1.1690
3280,4.5983,3.47e-06,66,1.0639
3290,4.5708,3.44e-06,66,1.0690
3300,4.5691,3.42e-06,67,1.0759
3310,4.4708,3.39e-06,67,1.0228
3320,4.3358,3.37e-06,67,1.0441
3330,4.4795,3.34e-06,67,1.0398
3340,4.3643,3.32e-06,67,1.0516
3350,4.6099,3.29e-06,68,1.0883
3360,4.4394,3.27e-06,68,1.1017
3370,4.3355,3.24e-06,68,1.1675
3380,4.4090,3.22e-06,68,1.0401
3390,4.5170,3.19e-06,68,1.1392
3400,4.3684,3.17e-06,69,1.0793
3410,4.3275,3.14e-06,69,1.0875
3420,4.4853,3.12e-06,69,1.1237
3430,4.4834,3.09e-06,69,1.0339
3440,4.3686,3.07e-06,69,1.1091
3450,4.3719,3.05e-06,70,1.0983
3460,4.4754,3.02e-06,70,1.1146
3470,4.2214,3.00e-06,70,1.1045
3480,4.2255,2.97e-06,70,1.2128
3490,4.3269,2.95e-06,70,1.0581
3500,4.4007,2.93e-06,71,1.0635
3510,4.4774,2.90e-06,71,1.0588
3520,4.6501,2.88e-06,71,1.0622
3530,4.5556,2.85e-06,71,1.0581
3540,4.4011,2.83e-06,71,1.1495
3550,4.4203,2.81e-06,72,1.1610
3560,4.2710,2.79e-06,72,1.0615
3570,4.4167,2.76e-06,72,1.0484
3580,4.3744,2.74e-06,72,1.1136
3590,4.4643,2.72e-06,72,1.0624
3600,4.2900,2.69e-06,73,1.1216
3610,4.4902,2.67e-06,73,1.1001
3620,4.6405,2.65e-06,73,1.0142
3630,4.3925,2.63e-06,73,1.1674
3640,4.4673,2.61e-06,73,1.1798
3650,4.5089,2.58e-06,74,1.0594
3660,4.3435,2.56e-06,74,1.0706
3670,4.4356,2.54e-06,74,1.1043
3680,4.4022,2.52e-06,74,1.1067
3690,4.4133,2.50e-06,74,1.1229
3700,4.2810,2.47e-06,75,1.1905
3710,4.3990,2.45e-06,75,1.0812
3720,4.4684,2.43e-06,75,1.0501
3730,4.6098,2.41e-06,75,1.0210
3740,4.5344,2.39e-06,75,1.0535
3750,4.7119,2.37e-06,76,1.0883
3760,4.2723,2.35e-06,76,1.1797
3770,4.5167,2.33e-06,76,1.0641
3780,4.4118,2.31e-06,76,1.1012
3790,4.7112,2.29e-06,76,1.0892
3800,4.2600,2.27e-06,77,1.1494
3810,4.2538,2.25e-06,77,1.2163
3820,4.2883,2.23e-06,77,1.0635
3830,4.0582,2.21e-06,77,1.0655
3840,4.2964,2.19e-06,77,1.1422
3850,4.2600,2.17e-06,78,1.1241
3860,4.3949,2.15e-06,78,1.1823
3870,4.4222,2.13e-06,78,1.1192
3880,4.6510,2.11e-06,78,1.0720
3890,4.5107,2.09e-06,78,1.1195
3900,4.2802,2.07e-06,79,1.1454
3910,4.2306,2.05e-06,79,1.1310
3920,4.4378,2.04e-06,79,1.1154
3930,4.1646,2.02e-06,79,1.1433
3940,4.6360,2.00e-06,79,1.1485
3950,4.5368,1.98e-06,80,1.1591
3960,4.2882,1.96e-06,80,1.1224
3970,4.1003,1.95e-06,80,1.0816
3980,4.5591,1.93e-06,80,1.0973
3990,4.3375,1.91e-06,80,1.1503
4000,4.5391,1.89e-06,81,1.0492
4010,4.1130,1.88e-06,81,1.1084
4020,4.2610,1.86e-06,81,1.0703
4030,4.3504,1.84e-06,81,1.0914
4040,4.3554,1.83e-06,81,1.1539
4050,4.2796,1.81e-06,82,1.0996
4060,4.4393,1.79e-06,82,1.0923
4070,4.1846,1.78e-06,82,1.0220
4080,4.3221,1.76e-06,82,1.1273
4090,4.3604,1.74e-06,82,1.1223
4100,4.4183,1.73e-06,83,1.1982
4110,4.4467,1.71e-06,83,1.0746
4120,4.1701,1.70e-06,83,1.1010
4130,4.1075,1.68e-06,83,1.1025
4140,4.5282,1.67e-06,83,1.1689
4150,4.3852,1.65e-06,84,1.0852
4160,4.2220,1.64e-06,84,1.1040
4170,4.5658,1.62e-06,84,1.1204
4180,4.3494,1.61e-06,84,1.0993
4190,4.5078,1.59e-06,84,1.0677
4200,4.3400,1.58e-06,85,1.0997
4210,4.6379,1.56e-06,85,1.1437
4220,4.5910,1.55e-06,85,1.0387
4230,4.2893,1.54e-06,85,1.0966
4240,4.4713,1.52e-06,85,1.0550
4250,4.4214,1.51e-06,86,1.1498
4260,4.5288,1.50e-06,86,1.0138
4270,4.1778,1.48e-06,86,1.0621
4280,4.4244,1.47e-06,86,1.1089
4290,4.4792,1.46e-06,86,1.1683
4300,4.0557,1.45e-06,87,1.0867
4310,4.1410,1.43e-06,87,1.0622
4320,4.0116,1.42e-06,87,1.1841
4330,4.2761,1.41e-06,87,1.0176
4340,4.4232,1.40e-06,87,0.9801
4350,4.5399,1.39e-06,88,1.1120
4360,4.3248,1.37e-06,88,1.0649
4370,4.5570,1.36e-06,88,1.0389
4380,4.1047,1.35e-06,88,1.1254
4390,4.0553,1.34e-06,88,1.1022
4400,4.3016,1.33e-06,89,1.0618
4410,4.3666,1.32e-06,89,1.0260
4420,4.3032,1.31e-06,89,1.1336
4430,3.9971,1.30e-06,89,1.1225
4440,4.2929,1.29e-06,89,1.0850
4450,4.1098,1.28e-06,90,1.1823
4460,4.4050,1.27e-06,90,1.0365
4470,4.3587,1.26e-06,90,1.0137
4480,4.1618,1.25e-06,90,1.0554
4490,4.2249,1.24e-06,90,1.0877
4500,4.1422,1.23e-06,91,1.1022
4510,4.2909,1.22e-06,91,1.0779
4520,4.4427,1.21e-06,91,1.1076
4530,4.1508,1.20e-06,91,1.0274
4540,4.3734,1.19e-06,91,1.1622
4550,4.2175,1.19e-06,92,1.0859
4560,4.1773,1.18e-06,92,1.1459
4570,4.2793,1.17e-06,92,1.1071
4580,4.1393,1.16e-06,92,1.1128
4590,4.2108,1.15e-06,92,1.1185
4600,4.1134,1.15e-06,93,1.1124
4610,4.5870,1.14e-06,93,1.1221
4620,4.2968,1.13e-06,93,1.1565
4630,4.1858,1.13e-06,93,1.0998
4640,4.3221,1.12e-06,93,1.1255
4650,4.2724,1.11e-06,94,1.0855
4660,4.2554,1.11e-06,94,1.1620
4670,4.3799,1.10e-06,94,1.0562
4680,4.4007,1.09e-06,94,1.1800
4690,4.2067,1.09e-06,94,1.0880
4700,4.1992,1.08e-06,95,1.0185
4710,4.2436,1.08e-06,95,1.0964
4720,3.9389,1.07e-06,95,1.0559
4730,4.0562,1.07e-06,95,1.1320
4740,4.4878,1.06e-06,95,1.0574
4750,4.5289,1.06e-06,96,1.0677
4760,4.2441,1.05e-06,96,0.9955
4770,4.3672,1.05e-06,96,1.0674
4780,4.3268,1.04e-06,96,0.9688
4790,4.7412,1.04e-06,96,1.0108
4800,4.4467,1.04e-06,97,1.1280
4810,4.2589,1.03e-06,97,1.1293
4820,4.1341,1.03e-06,97,1.1113
4830,4.0358,1.03e-06,97,1.0417
4840,4.3067,1.02e-06,97,1.0876
4850,4.1621,1.02e-06,98,1.0898
4860,4.0616,1.02e-06,98,1.0321
4870,4.1773,1.02e-06,98,1.1652
4880,4.1114,1.01e-06,98,1.1339
4890,4.5261,1.01e-06,98,1.0790
4900,4.4047,1.01e-06,99,1.0913
4910,4.2707,1.01e-06,99,1.1004
4920,4.4933,1.01e-06,99,0.9879
4930,4.2823,1.00e-06,99,1.0776
4940,4.1409,1.00e-06,99,1.0559
4950,4.4980,1.00e-06,100,1.0399
4960,4.3498,1.00e-06,100,1.0759
4970,4.1128,1.00e-06,100,1.1799
4980,4.2392,1.00e-06,100,1.1220
4990,4.1359,1.00e-06,100,1.0614
5000,4.0592,1.00e-06,101,1.1186
